{
  "monday": [
    {
      "name": "Csci 4131 Lecture",
      "start": "11:15",
      "end": "12:30",
      "phone": "See Class information on Canvas",
      "location": "105 Tate Hall",
      "info": "CSci 4131 Info",
      "url": "https://onestop2.umn.edu/pcas/viewCatalogCourse.do?courseId=790654"
    }
  ],
  "tuesday": [],
  "wednesday": [
    {
      "name": "CSci 4131 Lecture",
      "start": "11:15",
      "end": "12:30",
      "phone": "See Class information on Canvas",
      "location": "105 Tate Hall",
      "info": "CSci 4131 Info",
      "url": "https://onestop2.umn.edu/pcas/viewCatalogCourse.do?courseId=790654"
    }
  ],
  "thursday": [],
  "friday": [],
  "saturday": [],
  "sunday": []
}
